{
    "foreground_intensity_properties_per_channel": {
        "0": {
            "max": 6563.0,
            "mean": 312.0479431152344,
            "median": 237.0,
            "min": 79.0,
            "percentile_00_5": 119.0,
            "percentile_99_5": 1556.0,
            "std": 253.60145568847656
        }
    },
    "median_relative_size_after_cropping": 1.0,
    "shapes_after_crop": [
        [
            330,
            356,
            899
        ],
        [
            366,
            462,
            918
        ],
        [
            228,
            646,
            539
        ],
        [
            120,
            754,
            374
        ],
        [
            150,
            662,
            505
        ],
        [
            246,
            790,
            691
        ],
        [
            270,
            780,
            691
        ],
        [
            168,
            574,
            232
        ],
        [
            306,
            627,
            174
        ],
        [
            336,
            383,
            228
        ],
        [
            131,
            658,
            442
        ],
        [
            156,
            1075,
            312
        ],
        [
            420,
            288,
            521
        ],
        [
            282,
            119,
            583
        ],
        [
            384,
            687,
            297
        ],
        [
            312,
            277,
            651
        ],
        [
            228,
            282,
            347
        ],
        [
            180,
            633,
            309
        ],
        [
            108,
            258,
            308
        ],
        [
            156,
            212,
            406
        ],
        [
            144,
            608,
            172
        ],
        [
            156,
            255,
            425
        ],
        [
            180,
            254,
            466
        ],
        [
            174,
            412,
            446
        ],
        [
            306,
            203,
            666
        ],
        [
            396,
            472,
            704
        ],
        [
            252,
            332,
            1070
        ],
        [
            330,
            472,
            554
        ],
        [
            348,
            631,
            385
        ],
        [
            246,
            306,
            576
        ],
        [
            282,
            394,
            486
        ],
        [
            282,
            706,
            400
        ],
        [
            264,
            449,
            268
        ],
        [
            126,
            801,
            375
        ],
        [
            372,
            358,
            353
        ],
        [
            180,
            475,
            384
        ],
        [
            264,
            443,
            894
        ],
        [
            246,
            726,
            556
        ],
        [
            150,
            592,
            558
        ],
        [
            108,
            486,
            297
        ],
        [
            300,
            789,
            560
        ],
        [
            246,
            527,
            879
        ],
        [
            306,
            211,
            787
        ],
        [
            258,
            245,
            463
        ],
        [
            222,
            701,
            549
        ],
        [
            179,
            701,
            250
        ],
        [
            276,
            619,
            971
        ],
        [
            318,
            731,
            165
        ],
        [
            552,
            905,
            368
        ],
        [
            384,
            459,
            367
        ],
        [
            294,
            715,
            827
        ],
        [
            174,
            794,
            410
        ],
        [
            252,
            902,
            363
        ],
        [
            228,
            361,
            998
        ],
        [
            174,
            552,
            271
        ],
        [
            371,
            231,
            899
        ],
        [
            240,
            781,
            305
        ],
        [
            192,
            801,
            686
        ],
        [
            180,
            433,
            758
        ],
        [
            137,
            193,
            500
        ],
        [
            258,
            264,
            662
        ],
        [
            186,
            335,
            684
        ],
        [
            353,
            681,
            339
        ],
        [
            300,
            159,
            442
        ],
        [
            240,
            296,
            508
        ],
        [
            396,
            361,
            617
        ],
        [
            252,
            457,
            535
        ],
        [
            222,
            570,
            245
        ]
    ],