{
    "foreground_intensity_properties_per_channel": {
        "0": {
            "max": 254.0,
            "mean": 112.90113830566406,
            "median": 106.0,
            "min": 0.0,
            "percentile_00_5": 26.0,
            "percentile_99_5": 213.0,
            "std": 22.42893409729004
        }
    },
    "median_relative_size_after_cropping": 0.9078103458180147,
    "shapes_after_crop": [
        [
            74,
            721,
            722
        ],
        [
            171,
            723,
            491
        ],
        [
            136,
            361,
            612
        ],
        [
            120,
            655,
            626
        ],
        [
            66,
            466,
            462
        ],
        [
            59,
            658,
            545
        ],
        [
            111,
            584,
            675
        ],
        [
            150,
            556,
            448
        ],
        [
            111,
            558,
            523
        ],
        [
            197,
            436,
            407
        ],
        [
            112,
            471,
            340
        ],
        [
            193,
            346,
            706
        ],
        [
            110,
            496,
            518
        ],
        [
            157,
            499,
            382
        ],
        [
            125,
            489,
            489
        ],
        [
            26,
            485,
            628
        ],
        [
            59,
            716,
            442
        ],
        [
            65,
            490,
            482
        ],
        [
            63,
            397,
            443
        ],
        [
            99,
            488,
            393
        ],
        [
            117,
            489,
            307
        ],
        [
            46,
            479,
            312
        ],
        [
            41,
            252,
            450
        ],
        [
            41,
            433,
            487
        ],
        [
            41,
            376,
            444
        ],
        [
            50,
            489,
            489
        ],
        [
            63,
            489,
            391
        ],
        [
            56,
            495,
            487
        ],
        [
            35,
            327,
            363
        ],
        [
            48,
            386,
            381
        ],
        [
            88,
            537,
            476
        ],
        [
            59,
            289,
            516
        ],
        [
            24,
            313,
            278
        ],
        [
            70,
            493,
            485
        ],
        [
            63,
            335,
            366
        ],
        [
            70,
            449,
            485
        ],
        [
            76,
            404,
            404
        ],
        [
            48,
            916,
            470
        ],
        [
            38,
            477,
            555
        ],
        [
            44,
            626,
            842
        ],
        [
            72,
            463,
            475
        ],
        [
            46,
            399,
            350
        ]
    ],
    "spacings": [
        [
            1.0,
            1.0,
            1.0
        ],
        [
            1.0,
            1.0,
            1.0
        ],
        [
            1.0,
            1.0,
            1.0
        ],
        [
            1.0,
            1.0,
            1.0
        ],
        [
            1.0,
            1.0,
            1.0
        ],
        [
            1.0,
            1.0,
            1.0
        ],
        [
            1.0,
            1.0,
            1.0
        ],
        [
            1.0,
            1.0,
            1.0
        ],
        [
            1.0,
            1.0,
            1.0
        ],
        [
            1.0,
            1.0,
            1.0
        ],
        [
            1.0,
            1.0,
            1.0
        ],
        [
            1.0,
            1.0,
            1.0
        ],
        [
            1.0,
            1.0,
            1.0
        ],
        [
            1.0,
            1.0,
            1.0
        ],
        [
            1.0,
            1.0,
            1.0
        ],
        [
            1.0,
            1.0,
            1.0
        ],
        [
            1.0,
            1.0,
            1.0
        ],
        [
            1.0,
            1.0,
            1.0
        ],
        [
            1.0,
            1.0,
            1.0
        ],
        [
            1.0,
            1.0,
            1.0
        ],
        [
            1.0,
            1.0,
            1.0
        ],
        [
            1.0,
            1.0,
            1.0
        ],
        [
            1.0,
            1.0,
            1.0
        ],
        [
            1.0,
            1.0,
            1.0
        ],
        [
            1.0,
            1.0,
            1.0
        ],
        [
            1.0,
            1.0,
            1.0
        ],
        [
            1.0,
            1.0,
            1.0
        ],
        [
            1.0,
            1.0,
            1.0
        ],
        [
            1.0,
            1.0,
            1.0
        ],
        [
            1.0,
            1.0,
            1.0
        ],
        [
            1.0,
            1.0,
            1.0
        ],
        [
            1.0,
            1.0,
            1.0
        ],
        [
            1.0,
            1.0,
            1.0
        ],
        [
            1.0,
            1.0,
            1.0
        ],
        [
            1.0,
            1.0,
            1.0
        ],
        [
            1.0,
            1.0,
            1.0
        ],
        [
            1.0,
            1.0,
            1.0
        ],
        [
            1.0,
            1.0,
            1.0
        ],
        [
            1.0,
            1.0,
            1.0
        ],
        [
            1.0,
            1.0,
            1.0
        ],
        [
            1.0,
            1.0,
            1.0
        ],
        [
            1.0,
            1.0,
            1.0
        ]
    ]
}